vS_total,sumP_total,u0_total,winners_total
32481.883948674236,16470.36056738353,16011.523381290706,150
