v_mech_tot,sumP_tot,u0_mech_tot,v_eff_tot,u0_eff_tot,eff_ratio_media
13041.82177232312,8324.22250329462,4717.599269028498,11571.241723629219,3247.019220334598,0.8879725849139241
