vS_total,sumP_total,u0_total,winners_total
26796.75103688283,13683.082226343991,13113.668810538838,257
