v_mech_tot,sumP_tot,u0_mech_tot,v_eff_tot,u0_eff_tot,eff_ratio_media
13172.866638008516,7956.337332175045,5216.529305833471,11806.820645114434,3850.483312939389,0.895943550028421
