vS_total,sumP_total,u0_total,winners_total
35822.66464313796,19857.873534796912,15964.791108341049,84
